TransactionLists,Count
"('TIRE 13-16', 'WHEEL STEEL')",268
"('TIRE 13-16', 'WHEEL ALUMINUM')",181
"('WINDOW MOTOR', 'WINDOW REGULATOR')",144
"('DOOR CAR', 'FENDER CAR')",77
"('SEAT BENCH', 'SEAT BUCKET MANUAL')",52
"('MUFFLER (ANY)', 'MUFFLER PIPE')",51
"('DRIVE SHAFT', 'YOKE')",48
"('TIRE (AS-IS) 15-16', 'WHEEL ALUMINUM')",48
"('FENDER CAR', 'HOOD')",44
"('STEERING COLUMN', 'STEERING WHEEL')",41
"('FENDER CAR', 'HEADLAMP COMPOSITE')",38
"('TIRE (AS-IS) 15-16', 'WHEEL STEEL')",38
"('HUB BEARING', 'SPINDLE /KNUCKLE')",36
"('RADIO', 'SPEAKER TWEETER')",36
"('BUMPER  STEEL', 'HEADLAMP COMPOSITE')",35
"('CONSOLE (ANY)', 'SEAT BUCKET MANUAL')",32
"('ENGINE ANY', 'TRANSMISSION ANY')",30
"('BUMPER  STEEL', 'FENDER CAR')",29
"('BUMPER  STEEL', 'TAIL LIGHT EACH')",29
"('HUB BEARING', 'KNUCKLE/ SPINDLE')",29
"('TIRE (AS-IS) 17', 'WHEEL ALUMINUM')",29
"('BRAKE FLUID RESEVOIR', 'BRAKE MASTER CYLINDER')",26
"('BUMPER  STEEL', 'HOOD')",26
"('CONTROL ARM', 'STRUT AND SPRING')",26
"('BUMPER  STEEL', 'FOG LAMP')",23
"('FENDER CAR', 'INNER FENDER')",23
"('HEADLAMP COMPOSITE', 'HOOD')",23
"('JACK ANY', 'JACK HANDLE')",22
"('FAN BLADE', 'FAN CLUTCH')",21
"('POWER MIRROR -DOOR', 'TAIL LIGHT EACH')",21
"('TAIL LIGHT EACH', 'TRUNK LID NO LIGHTS')",20
"('BUMPER  STEEL', 'GRILL ANY')",19
"('FUEL INJECTION RAIL', 'FUEL INJECTOR (EACH)')",19
"('BRAKE CALIPER BIG', 'BRAKE ROTOR (NO HUB)')",18
"('CONSOLE (ANY)', 'CONSOLE LID')",17
"('A/C CONDENSER', 'RADIATOR')",16
"('FAN ELECTRIC', 'RADIATOR')",16
"('BUMPER  STEEL', 'FENDER CAR', 'HEADLAMP COMPOSITE', 'HOOD')",15
"('BUMPER  STEEL', 'GRILL SMALL')",15
"('GATE FEE', 'MISC.')",15
"('BUMPER  STEEL', 'GRILL ANY', 'HEADLAMP COMPOSITE')",14
"('BUMPER  STEEL', 'TRUNK LID NO LIGHTS')",14
"('FLOOR MAT/SPARE TIRE COVER', 'MISC.')",14
"('MISC.', 'RADIO')",14
"('BRAKE CALIPER S', 'BRAKE ROTOR (NO HUB)')",13
"('BRAKE MASTER CYLINDER', 'OVERFLOW BOTTLE')",13
"('BRAKE ROTOR (NO HUB)', 'BRAKE SHOE/PAD (EACH)')",13
"('BUMPER  STEEL', 'TRIM/ FLARES')",13
"('DOOR CAR', 'TAIL LIGHT EACH')",13
"('PARK/TURNLAMP ASSY', 'TAIL LIGHT EACH')",13
"('SEAT BELT (EACH)', 'SEAT BELT PRETENSIONER')",13
"('BUMPER  STEEL', 'DOOR CAR')",12
"('C-V AXLE FRONT  DRIVE', 'CONTROL ARM')",12
"('COMPUTER BRAIN BOX', 'FUSE BOX W/ RELAYS')",12
"('CONTROL ARM', 'SHOCK')",12
"('FAN BELT', 'PULLEY BARE')",12
"('MOLDING EXTERIOR(19 PER INCH)', 'TAIL LIGHT EACH')",12
"('BUMPER  STEEL', 'FENDER CAR', 'HOOD')",11
"('BUMPER  STEEL', 'TAIL LIGHT EACH', 'TRUNK LID NO LIGHTS')",11
"('CAM SHAFT', 'HEAD (NO CAM)')",11
"('FAN ELECTRIC (DUAL)', 'RADIATOR')",11
"('FENDER CAR', 'TRIM/ FLARES')",11
"('FLOOR MAT/SPARE TIRE COVER', 'MOLDING EXTERIOR(19 PER INCH)')",11
"('HEADLAMP COMPOSITE', 'PARK/TURNLAMP ASSY')",11
"('HEADLAMP COMPOSITE', 'RADIATOR')",11
"('HEADLAMP COMPOSITE', 'TAIL LIGHT EACH')",11
"('HOSE(.15 PER INCH)', 'MOLDING EXTERIOR(19 PER INCH)')",11
"('HOSE(.15 PER INCH)', 'RADIATOR')",11
"('A/C COMPRESSOR', 'MISC.')",10
"('A/C CONDENSER', 'FAN ELECTRIC', 'RADIATOR')",10
"('AIR BREATHER TUBE', 'AIR CLEANER HOUSING')",10
"('BRACKET ANY', 'MOLDING EXTERIOR(19 PER INCH)')",10
"('BRAKE CALIPER BIG', 'BRAKE ROTOR')",10
"('BRAKE ROTOR (NO HUB)', 'HUB BEARING')",10
"('BUMPER  STEEL', 'FENDER CAR', 'HEADLAMP COMPOSITE')",10
"('BUMPER REINFORCEMENT', 'RADIATOR SUPPORT BARE')",10
"('CONTROL ARM', 'HUB BEARING')",10
"('FAN SHROUD', 'RADIATOR')",10
"('FENDER CAR', 'MOLDING EXTERIOR(19 PER INCH)')",10
"('HUB CAP/WHEEL COVER', 'MOLDING EXTERIOR(19 PER INCH)')",10
"('IGNITION SWITCH', 'STEERING COLUMN COVER')",10
"('MISC.', 'TAIL LIGHT EACH')",10
"('MOLDING ANY', 'WEATHER STRIPPING (.79 PER FT.)')",10
"('MOLDING EXTERIOR(19 PER INCH)', 'MOLDING EXTERIOR(19 PER INCH)')",10
"('SHOCK', 'STRUT AND SPRING')",10
"('SPEAKER TWEETER', 'STEERING WHEEL COVER')",10
"('WIPER ARM', 'WIPER BLADE')",10
"('BATTERY (USED)', 'MISC.')",9
"('BRACKET ANY', 'BUMPER REINFORCEMENT')",9
"('BRAKE MASTER CYLINDER', 'BRAKE POWER/HYDRO BOOSTER')",9
"('BUMPER  STEEL', 'INSTRUMENT CLUSTER')",9
"('BUMPER  STEEL', 'MISC.')",9
"('DIESEL', 'TRANSMISSION 6&8 CYL')",9
"('DOOR CAR', 'MOLDING EXTERIOR(19 PER INCH)')",9
"('FENDER CAR', 'HEADLAMP COMPOSITE', 'INNER FENDER')",9
"('GAS/OIL CAP', 'MOLDING EXTERIOR(19 PER INCH)')",9
"('GATE FEE', 'MOLDING EXTERIOR(19 PER INCH)')",9
"('GRILL ANY', 'HEADLAMP COMPOSITE')",9
"('HEAD LINER', 'SUN VISOR')",9
"('INNER FENDER', 'MISC.')",9
"('MISC.', 'MOLDING ANY')",9
"('MISC.', 'WASHER BOTTLE')",9
"('SPEAKER ANY', 'SPEAKER TWEETER')",9
"('STRUT AND SPRING', 'TAIL LIGHT EACH')",9
"('TIRE 17-19', 'WHEEL ALUMINUM')",9
"('A/C COMPRESSOR', 'A/C CONDENSER')",8
"('AIR BREATHER TUBE', 'AIR FILTER')",8
"('ALTERNATOR', 'POWER STEERING PUMP')",8
"('BRACKET ANY', 'LATCH')",8
"('BRAKE FLUID RESEVOIR', 'BRAKE MASTER CYLINDER', 'BRAKE POWER/HYDRO BOOSTER')",8
"('BRAKE ROTOR', 'KNUCKLE/ SPINDLE')",8
"('BUMPER  STEEL', 'RADIATOR')",8
"('C-V AXLE FRONT  DRIVE', 'KNUCKLE/ SPINDLE')",8
"('COMPUTER BRAIN BOX', 'FUSE BOX (BARE)')",8
"('CONTROL ARM', 'TIE ROD END')",8
"('DISTRIBUTOR', 'DISTRIBUTOR CAP/NO MODULE')",8
"('DOOR CAR', 'FENDER CAR', 'HOOD')",8
"('DOOR CAR', 'HEADLAMP COMPOSITE')",8
"('DOOR HANDLE OUTSIDE', 'LATCH')",8
"('FENDER CAR', 'TAIL LIGHT EACH')",8
"('FUSE BOX (BARE)', 'WIRE HARENESS 4FT BELOW')",8
"('HEADLAMP COMPOSITE', 'INNER FENDER')",8
"('HEADLAMP COMPOSITE', 'MISC.')",8
"('INNER FENDER', 'WASHER BOTTLE')",8
"('INTAKE MANIFOLD PLASTIC', 'THROTTLE BODY')",8
"('MOLDING ANY', 'MOLDING ANY')",8
"('MOLDING EXTERIOR(19 PER INCH)', 'SUN VISOR')",8
"('SEAT BUCKET MANUAL', 'SEAT SECTION (BENCH)')",8
"('THERMOSTAT', 'THERMOSTAT HOUSING')",8
"('A/C COMPRESSOR', 'FAN BELT')",7
"('A/C CONDENSER', 'FAN ELECTRIC (DUAL)', 'RADIATOR')",7
"('AC CONTROL (ELEC.)', 'RADIO BEZEL')",7
"('BATTERY (USED)', 'TIRE 13-16')",7
"('BRACKET ANY', 'POWER STEERING PUMP')",7
"('BRACKET ANY', 'PULLEY BARE')",7
"('BUMPER  STEEL', 'BUMPER REINFORCEMENT')",7
"('BUMPER  STEEL', 'INNER FENDER')",7
"('BUMPER PLASTIC', 'HEADLAMP COMPOSITE')",7
"('COMPUTER BRAIN BOX', 'CONTROL MODULE')",7
"('COMPUTER BRAIN BOX', 'POWER STEERING PUMP')",7
"('CONTROL ARM', 'SPINDLE /KNUCKLE')",7
"('DOOR GLASS', 'MISC.')",7
"('DOOR HANDLE OUTSIDE', 'MOLDING ANY')",7
"('ENGINE ANY', 'TRANSMISSION 6&8 CYL')",7
"('FENDER CAR', 'HEADLAMP COMPOSITE', 'HOOD')",7
"('FENDER CAR', 'POWER MIRROR -DOOR')",7
"('FLOOR MAT/SPARE TIRE COVER', 'STEERING WHEEL COVER')",7
"('FUEL PUMP', 'FUEL TANK SENDING UNIT W/PUMP')",7
"('FUSE BOX (BARE)', 'MISC.')",7
"('GATE FEE', 'RADIATOR')",7
"('GATE FEE', 'STARTER')",7
"('GATE FEE', 'WIRE PIGTAIL')",7
"('GRILL SMALL', 'HEADLAMP COMPOSITE')",7
"('GRILL SMALL', 'HOOD')",7
"('GRILL SMALL', 'MOLDING EXTERIOR(19 PER INCH)')",7
"('HEADLAMP COMPOSITE', 'MOLDING EXTERIOR(19 PER INCH)')",7
"('HEADLAMP COMPOSITE', 'TIRE 13-16')",7
"('HEADLAMP COMPOSITE', 'WASHER BOTTLE')",7
"('HOSE(.15 PER INCH)', 'MISC.')",7
"('HOSE(.15 PER INCH)', 'MOLDING ANY')",7
"('HUB BEARING', 'MISC.')",7
"('HUB CAP/WHEEL COVER', 'MISC.')",7
"('INNER FENDER', 'MOLDING EXTERIOR(19 PER INCH)')",7
"('INSTRUMENT CLUSTER BEZEL', 'VENT (INTERIOR)')",7
"('INTERIOR DOOR PANEL', 'MOLDING EXTERIOR(19 PER INCH)')",7
"('MIRROR INTERIOR MANUAL', 'MOLDING EXTERIOR(19 PER INCH)')",7
"('MISC.', 'POWER MIRROR -DOOR')",7
"('MISC.', 'STARTER')",7
"('MISC.', 'TIRE 13-16')",7
"('MOLDING EXTERIOR(19 PER INCH)', 'POWER MIRROR -DOOR')",7
"('MOLDING EXTERIOR(19 PER INCH)', 'RADIATOR')",7
"('MOLDING EXTERIOR(19 PER INCH)', 'RADIO')",7
"('MOLDING EXTERIOR(19 PER INCH)', 'WIRE PIGTAIL')",7
"('RADIO', 'SPEAKER TWEETER', 'STEERING WHEEL COVER')",7
"('RADIO', 'STEERING WHEEL COVER')",7
"('STRUT AND SPRING', 'SUN VISOR')",7
"('A/C COMPRESSOR', 'AC HOSE (SINGLE)')",6
"('A/C COMPRESSOR', 'ALTERNATOR')",6
"('A/C COMPRESSOR', 'STARTER')",6
"('A/C CONDENSER', 'AC HOSE (DOUBLE)')",6
"('A/C SUITCASE HOUSING', 'MISC.')",6
"('AC CONTROL (ELEC.)', 'MOLDING EXTERIOR(19 PER INCH)')",6
"('AC CONTROL (ELEC.)', 'RADIO')",6
"('ALTERNATOR', 'GATE FEE')",6
"('BATTERY (USED)', 'GATE FEE')",6
"('BATTERY (USED)', 'SPEAKER TWEETER')",6
"('BELT TENSIONER', 'FAN BELT')",6
"('BRACKET ANY', 'BUMPER  STEEL')",6
"('BRACKET ANY', 'HOSE(.15 PER INCH)')",6
"('BRACKET ANY', 'MISC.')",6
"('BRAKE MASTER CYLINDER', 'BRAKE POWER/HYDRO BOOSTER', 'OVERFLOW BOTTLE')",6
"('BRAKE ROTOR', 'BRAKE SHOE/PAD (EACH)')",6
"('BRAKE ROTOR', 'SPINDLE /KNUCKLE')",6
"('BUMPER  STEEL', 'DOOR CAR', 'FENDER CAR')",6
"('BUMPER  STEEL', 'HEADLAMP COMPOSITE', 'HOOD')",6
"('BUMPER  STEEL', 'SEAT BUCKET MANUAL')",6
"('BUMPER  STEEL', 'STRUT AND SPRING')",6
"('BUMPER PLASTIC', 'FENDER CAR')",6
"('BUMPER PLASTIC', 'HOOD')",6
"('C-V AXLE FRONT  DRIVE', 'HUB BEARING', 'SPINDLE /KNUCKLE')",6
"('CARPET', 'SEAT BUCKET MANUAL')",6
"('COIL', 'HOSE(.15 PER INCH)')",6
"('COIL', 'THROTTLE BODY')",6
"('COMPUTER BRAIN BOX', 'EXTRA SMALL CNTRL M')",6
"('CONSOLE (ANY)', 'CONSOLE LID', 'SEAT BUCKET MANUAL')",6
"('CONTROL ARM', 'TIE ROD EACH')",6
"('DOOR CAR', 'GATE FEE')",6
"('DOOR CAR', 'HOOD')",6
"('DOOR CAR', 'MISC.')",6
"('DOOR CAR', 'SEAT BUCKET MANUAL')",6
"('DOOR GLASS', 'MOLDING EXTERIOR(19 PER INCH)')",6
"('GATE FEE', 'HOSE(.15 PER INCH)')",6
"('GATE FEE', 'TAIL LIGHT EACH')",6
"('GLASS HATCH', 'HATCH NO GLASS')",6
"('GRILL SMALL', 'MISC.')",6
"('HEADLAMP COMPOSITE', 'SEAT BUCKET MANUAL')",6
"('HOOD', 'MISC.')",6
"('HOOD', 'POWER MIRROR -DOOR')",6
"('HOSE(.15 PER INCH)', 'MOUNT ENGINE TRANSMISSION')",6
"('HUB BEARING', 'STRUT AND SPRING')",6
"('HUB CAP/WHEEL COVER', 'TIRE 13-16', 'WHEEL STEEL')",6
"('INNER FENDER', 'MOLDING ANY')",6
"('INSTRUMENT CLUSTER', 'INSTRUMENT CLUSTER BEZEL')",6
"('INSTRUMENT CLUSTER', 'MOLDING ANY')",6
"('INSTRUMENT CLUSTER', 'MOLDING EXTERIOR(19 PER INCH)')",6
"('INSTRUMENT CLUSTER BEZEL', 'TRIM/ FLARES')",6
"('LIFT SUPPORT', 'TAIL LIGHT EACH')",6
"('LIFT SUPPORT', 'WIRE PIGTAIL')",6
"('MISC.', 'RADIATOR')",6
"('MISC.', 'SEAT BELT (EACH)')",6
"('MISC.', 'SPEAKER TWEETER')",6
"('MISC.', 'TURN SIGNAL SWITCH')",6
"('MISC.', 'WINDOW REGULATOR')",6
"('MISC.', 'WINDOW SWITCH')",6
"('MOLDING ANY', 'SUN VISOR')",6
"('MOLDING EXTERIOR(19 PER INCH)', 'STARTER')",6
"('MOLDING EXTERIOR(19 PER INCH)', 'SWITCH COMBO')",6
"('MOLDING EXTERIOR(19 PER INCH)', 'TRIM/ FLARES')",6
"('MOLDING EXTERIOR(19 PER INCH)', 'VENT (INTERIOR)')",6
"('POWER MIRROR -DOOR', 'TRIM/ FLARES')",6
"('SUN VISOR', 'TAIL LIGHT EACH')",6
"('TIRE 13-16', 'TIRE 17-19')",6
"('TIRE 17-19', 'WHEEL STEEL')",6
"('WASHER BOTTLE', 'WASHER PUMP')",6
"('WINDOW REGULATOR', 'WIPER MOTOR')",6
"('A/C COMPRESSOR', 'HEATER BLOWER MOTOR')",5
"('A/C COMPRESSOR', 'INSTRUMENT CLUSTER')",5
"('A/C COMPRESSOR', 'POWER MIRROR -DOOR')",5
"('A/C COMPRESSOR', 'POWER STEERING PUMP')",5
"('A/C COMPRESSOR', 'RADIATOR')",5
"('A/C COMPRESSOR', 'STRUT AND SPRING')",5
"('AC CONTROL (ELEC.)', 'INSTRUMENT CLUSTER')",5
"('AIR CLEANER HOUSING', 'WASHER BOTTLE')",5
"('ALTERNATOR', 'MOLDING EXTERIOR(19 PER INCH)')",5
"('ALTERNATOR', 'STARTER')",5
"('ALTERNATOR', 'TAIL LIGHT EACH')",5
"('BACK GLASS', 'WINDOW REGULATOR')",5
"('BATTERY (USED)', 'RADIO')",5
"('BRACKET ANY', 'MOLDING ANY')",5
"('BRACKET ANY', 'WASHER BOTTLE')",5
"('BRAKE CALIPER BIG', 'GATE FEE')",5
"('BRAKE CALIPER S', 'BRAKE ROTOR')",5
"('BRAKE ROTOR (NO HUB)', 'KNUCKLE/ SPINDLE')",5
"('BULBS', 'WIRE PIGTAIL')",5
"('BUMPER  STEEL', 'FENDER CAR', 'GRILL ANY')",5
"('BUMPER  STEEL', 'FENDER CAR', 'GRILL ANY', 'HEADLAMP COMPOSITE', 'HOOD')",5
"('BUMPER  STEEL', 'GRILL ANY', 'RADIATOR SUPPORT BARE')",5
"('BUMPER  STEEL', 'GRILL LARGE')",5
"('BUMPER  STEEL', 'PARK/TURNLAMP ASSY')",5
"('BUMPER  STEEL', 'TRAILER HITCH RECEIVER')",5
"('BUMPER PLASTIC', 'FENDER CAR', 'HOOD')",5
"('BUMPER PLASTIC', 'FOG LAMP')",5
"('BUMPER REINFORCEMENT', 'HOOD', 'RADIATOR SUPPORT BARE')",5
"('C-V AXLE FRONT  DRIVE', 'HUB BEARING')",5
"('C-V AXLE FRONT  DRIVE', 'STRUT AND SPRING')",5
"('COIL', 'SPARK PLUG/WIRE')",5
"('COMPUTER BRAIN BOX', 'HEADLAMP COMPOSITE')",5
"('CONTROL ARM', 'HUB BEARING', 'KNUCKLE/ SPINDLE')",5
"('CONTROL ARM', 'HUB BEARING', 'SPINDLE /KNUCKLE')",5
"('CONTROL ARM', 'KNUCKLE/ SPINDLE')",5
"('CUP HOLDER', 'MOLDING EXTERIOR(19 PER INCH)')",5
"('DISTRIBUTOR CAP/NO MODULE', 'SPARK PLUG/WIRE')",5
"('DOOR CAR', 'STRUT AND SPRING')",5
"('DOOR GLASS', 'TAIL LIGHT EACH')",5
"('DOOR HANDLE OUTSIDE', 'MOLDING EXTERIOR(19 PER INCH)')",5
"('DOOR PANEL COMPLETE', 'INSTRUMENT CLUSTER')",5
"('DRIVE SHAFT 1 PC', 'YOKE')",5
"('ENGINE ANY', 'POWER STEERING PUMP')",5
"('FAN ELECTRIC', 'MISC.')",5
"('FENDER CAR', 'MISC.')",5
"('FLOOR MAT/SPARE TIRE COVER', 'HEADLAMP COMPOSITE')",5
"('FLOOR MAT/SPARE TIRE COVER', 'TAIL LIGHT EACH')",5
"('FUEL PUMP', 'MOLDING EXTERIOR(19 PER INCH)')",5
"('FUEL PUMP', 'STARTER')",5
"('GATE FEE', 'POWER STEERING PUMP')",5
"('GATE FEE', 'SCREWS/BOLTS')",5
"('GLOVE BOX DOOR', 'TRIM/ FLARES')",5
"('GRILL ANY', 'HOOD')",5
"('GRILL ANY', 'RADIATOR')",5
"('HEADLAMP COMPOSITE', 'MOLDING ANY')",5
"('HEADLAMP COMPOSITE', 'POWER MIRROR -DOOR')",5
"('HOSE(.15 PER INCH)', 'POWER MIRROR -DOOR')",5
"('HOSE(.15 PER INCH)', 'SPEAKER TWEETER')",5
"('HOSE(.15 PER INCH)', 'STARTER')",5
"('HUB BEARING', 'KNUCKLE/ SPINDLE', 'STRUT AND SPRING')",5
"('INSTRUMENT CLUSTER', 'MISC.')",5
"('INSTRUMENT CLUSTER', 'SEAT BUCKET MANUAL')",5
"('INSTRUMENT CLUSTER', 'TAIL LIGHT EACH')",5
"('INSTRUMENT CLUSTER BEZEL', 'MOLDING EXTERIOR(19 PER INCH)')",5
"('INTERIOR DOOR  HANDLE', 'MISC.')",5
"('INTERIOR DOOR PANEL', 'RADIO')",5
"('JUMPER CABLES', 'MISC.')",5
"('LATCH', 'MOLDING EXTERIOR(19 PER INCH)')",5
"('LIFT SUPPORT', 'MOLDING EXTERIOR(19 PER INCH)')",5
"('MOLDING ANY', 'RADIO')",5
"('MOLDING ANY', 'TAIL LIGHT EACH')",5
"('MOLDING ANY', 'WINDOW REGULATOR')",5
"('MOLDING EXTERIOR(19 PER INCH)', 'SEAT BUCKET MANUAL')",5
"('MOLDING EXTERIOR(19 PER INCH)', 'STEERING WHEEL')",5
"('MOLDING EXTERIOR(19 PER INCH)', 'STRUT AND SPRING')",5
"('MOLDING EXTERIOR(19 PER INCH)', 'SWITCH SINGLE')",5
"('MOLDING EXTERIOR(19 PER INCH)', 'THROTTLE BODY')",5
"('MOLDING EXTERIOR(19 PER INCH)', 'TIRE 13-16', 'WHEEL STEEL')",5
"('MOLDING EXTERIOR(19 PER INCH)', 'WINDOW MOTOR', 'WINDOW REGULATOR')",5
"('POWER MIRROR -DOOR', 'WINDOW MOTOR', 'WINDOW REGULATOR')",5
"('POWER STEERING PUMP', 'RACK AND PINION MANUAL')",5
"('POWER STEERING PUMP', 'WASHER BOTTLE')",5
"('RACK AND PINION MANUAL', 'STRUT AND SPRING')",5
"('RADIATOR', 'WATER PUMP')",5
"('RADIO AMP', 'SPEAKER TWEETER')",5
"('RADIO BEZEL', 'TRIM/ FLARES')",5
"('RADIO FACE', 'VENT (INTERIOR)')",5
"('RELAY (EACH)', 'WIRE PIGTAIL')",5
"('SEAT BUCKET ELECTRICAL', 'SEAT BUCKET MANUAL')",5
"('SPEAKER ANY', 'SPEAKER BOX')",5
"('SPEAKER TWEETER', 'TRIM/ FLARES')",5
"('STRUT AND SPRING', 'WINDOW MOTOR', 'WINDOW REGULATOR')",5
"('SUNROOF ASSEMBLY', 'WINDOW MOTOR')",5
"('SWITCH COMBO', 'SWITCH SINGLE')",5
"('TAIL GATE', 'TAIL LIGHT EACH', 'TRUCK BED BARE')",5
"('TAIL GATE', 'TRUCK BED BARE')",5
"('TIRE (AS-IS) 17', 'WHEEL STEEL')",5
"('WIPER ARM', 'WIPER MOTOR')",5
"('A/C COMPRESSOR', 'A/C SUITCASE HOUSING')",4
"('A/C COMPRESSOR', 'BRACKET ANY')",4
"('A/C COMPRESSOR', 'FUSE BOX W/ RELAYS')",4
"('A/C COMPRESSOR', 'GATE FEE')",4
"('A/C COMPRESSOR', 'RADIO')",4
"('A/C COMPRESSOR', 'TRANSMISSION ANY')",4
"('A/C CONDENSER', 'BRACKET ANY')",4
"('AIR BAG (EACH)', 'STEERING WHEEL')",4
"('AIR BREATHER TUBE', 'INTAKE MANIFOLD PLASTIC')",4
"('AIR BREATHER TUBE', 'WIRE PIGTAIL')",4
"('AIR CLEANER HOUSING', 'AIR CLEANER LID')",4
"('AIR CLEANER HOUSING', 'RADIATOR')",4
"('ALTERNATOR', 'DOOR GLASS')",4
"('ALTERNATOR', 'HOSE(.15 PER INCH)')",4
"('ALTERNATOR', 'MISC.')",4
"('ARM REST', 'POWER MIRROR -DOOR')",4
"('BACK GLASS', 'LIFT SUPPORT')",4
"('BATTERY (USED)', 'BRACKET ANY')",4
"('BATTERY (USED)', 'BUMPER PLASTIC')",4
"('BATTERY (USED)', 'DOOR CAR')",4
"('BELT TENSIONER', 'PULLEY BARE')",4
"('BRACKET ANY', 'BRAKE ROTOR (NO HUB)')",4
"('BRACKET ANY', 'CABLE (ANY)')",4
"('BRACKET ANY', 'DOOR CAR')",4
"('BRAKE CALIPER BIG', 'BRAKE SHOE/PAD (EACH)')",4
"('BRAKE ROTOR', 'HUB BEARING')",4
"('BRAKE ROTOR (NO HUB)', 'HUB BEARING', 'SPINDLE /KNUCKLE')",4
"('BUMPER  STEEL', 'CONTROL ARM')",4
"('BUMPER  STEEL', 'FENDER CAR', 'GRILL SMALL', 'HEADLAMP COMPOSITE', 'HOOD')",4
"('BUMPER  STEEL', 'FENDER CAR', 'TAIL LIGHT EACH')",4
"('BUMPER  STEEL', 'POWER STEERING PUMP')",4
"('BUMPER  STEEL', 'RADIATOR SUPPORT BARE')",4
"('BUMPER  STEEL', 'STARTER')",4
"('BUMPER  STEEL', 'TAIL GATE')",4
"('BUMPER  STEEL', 'TIRE 13-16')",4
"('BUMPER  STEEL', 'WEATHER STRIPPING (.79 PER FT.)')",4
"('BUMPER FILLER', 'BUMPER REINFORCEMENT')",4
"('BUMPER PLASTIC', 'DOOR CAR')",4
"('BUMPER REINFORCEMENT', 'FENDER CAR')",4
"('BUMPER REINFORCEMENT', 'HEADLAMP COMPOSITE')",4
"('C-V AXLE FRONT  DRIVE', 'HUB BEARING', 'KNUCKLE/ SPINDLE')",4
"('C-V AXLE FRONT  DRIVE', 'MOUNT ENGINE TRANSMISSION')",4
"('CD PLAYER', 'MOLDING EXTERIOR(19 PER INCH)')",4
"('COIL', 'MISC.')",4
"('COIL', 'WIPER BLADE')",4
"('CONSOLE (ANY)', 'MOLDING EXTERIOR(19 PER INCH)')",4
"('CONSOLE (ANY)', 'SEAT BENCH')",4
"('DASH (BARE)', 'GLOVE BOX DOOR')",4
"('DASH PAD', 'INSTRUMENT CLUSTER BEZEL')",4
"('DIPSTICK ONLY', 'HOSE(.15 PER INCH)')",4
"('DOME LIGHT LIGHT', 'MIRROR INTERIOR MANUAL')",4
"('DOME LIGHT LIGHT', 'MISC.')",4
"('DOOR CAR', 'INNER FENDER')",4
"('DOOR CAR', 'QUARTER PANEL')",4
"('DOOR CAR', 'TIRE 13-16')",4
"('DOOR CAR', 'VENT GLASS')",4
"('DOOR GLASS', 'HEADLAMP COMPOSITE')",4
"('DOOR GLASS', 'QUARTER GLASS')",4
"('DOOR GLASS', 'SUNROOF ASSEMBLY')",4
"('DOOR GLASS', 'VENT GLASS')",4
"('DOOR GLASS', 'WEATHER STRIPPING (.79 PER FT.)')",4
"('DOOR HANDLE OUTSIDE', 'DOOR LATCH (ELECT)')",4
"('DOOR HANDLE OUTSIDE', 'GATE FEE')",4
"('DOOR HANDLE OUTSIDE', 'HOSE(.15 PER INCH)')",4
"('DOOR HANDLE OUTSIDE', 'SUN VISOR')",4
"('DOOR LATCH (ELECT)', 'DOOR PANEL COMPLETE')",4
"('DRIVE SHAFT', 'TRANSMISSION ANY', 'YOKE')",4
"('ENGINE ANY', 'FAN BLADE', 'FAN CLUTCH')",4
"('ENGINE ANY', 'FAN ELECTRIC')",4
"('ENGINE BLOCK', 'HEAD (NO CAM)')",4
"('FAN BELT', 'POWER STEERING PUMP')",4
"('FAN ELECTRIC', 'MOLDING EXTERIOR(19 PER INCH)')",4
"('FENDER CAR', 'GATE FEE')",4
"('FENDER CAR', 'RADIATOR')",4
"('FENDER TRUCK', 'HOOD TRUCK')",4
"('FLOOR MAT/SPARE TIRE COVER', 'TRIM/ FLARES')",4
"('FLOOR MAT/SPARE TIRE COVER', 'WEATHER STRIPPING (.79 PER FT.)')",4
"('FOG LAMP', 'MOLDING EXTERIOR(19 PER INCH)')",4
"('FUEL PUMP', 'GAS TANK')",4
"('FUEL PUMP', 'GATE FEE')",4
"('FUSE BOX (BARE)', 'GATE FEE')",4
"('FUSE BOX W/ RELAYS', 'WIRE PIGTAIL')",4
"('GAS/OIL CAP', 'TRIM/ FLARES')",4
"('GAS/OIL CAP', 'WIRE PIGTAIL')",4
"('GATE FEE', 'HEADLAMP COMPOSITE')",4
"('GATE FEE', 'INTERIOR DOOR  HANDLE')",4
"('GATE FEE', 'POWER MIRROR -DOOR')",4
"('GATE FEE', 'SEAT BUCKET MANUAL')",4
"('GATE FEE', 'STRUT AND SPRING')",4
"('GATE FEE', 'THROTTLE BODY')",4
"('GLOVE BOX DOOR', 'MOLDING EXTERIOR(19 PER INCH)')",4
"('GRILL ANY', 'MOLDING EXTERIOR(19 PER INCH)')",4
"('GRILL ANY', 'TRIM/ FLARES')",4
"('GRILL LARGE', 'PARK/TURNLAMP ASSY')",4
"('GRILL SMALL', 'MOLDING ANY')",4
"('HEAD (WITH CAM)', 'VALVE COVER FERROUS/PLASTIC')",4
"('HEADLAMP COMPOSITE', 'RACK AND PINION MANUAL')",4
"('HEADLAMP COMPOSITE', 'RADIATOR BOTTLE')",4
"('HEADLAMP COMPOSITE', 'STRUT AND SPRING')",4
"('HEADLAMP COMPOSITE', 'SUN VISOR')",4
"('HEADLAMP COMPOSITE', 'TRIM/ FLARES')",4
"('HOOD', 'HOOD HINGE')",4
"('HOOD', 'INNER FENDER')",4
"('HOOD', 'TRIM/ FLARES')",4
"('HORN', 'MISC.')",4
"('HOSE(.15 PER INCH)', 'HUB CAP/WHEEL COVER')",4
"('HOSE(.15 PER INCH)', 'WASHER BOTTLE')",4
"('HUB CAP/WHEEL COVER', 'STRUT AND SPRING')",4
"('HUB CAP/WHEEL COVER', 'TIRE (AS-IS) 15-16')",4
"('HUB CAP/WHEEL COVER', 'TIRE 13-16')",4
"('HUB CAP/WHEEL COVER', 'WASHER BOTTLE')",4
"('INNER FENDER', 'TIRE 13-16', 'WHEEL STEEL')",4
"('INSTRUMENT CLUSTER', 'STRUT AND SPRING')",4
"('INTERIOR DOOR  HANDLE', 'LATCH')",4
"('JACK ANY', 'JACK HANDLE', 'MISC.')",4
"('JACK ANY', 'JACK HANDLE', 'SPARE TIRE')",4
"('JACK ANY', 'TIRE 13-16', 'WHEEL ALUMINUM')",4
"('KNUCKLE/ SPINDLE', 'STRUT AND SPRING')",4
"('LATCH', 'MISC.')",4
"('LATCH', 'SHOCK')",4
"('LATCH', 'WINDOW MOTOR')",4
"('LIFT SUPPORT', 'WEATHER STRIPPING (.79 PER FT.)')",4
"('MISC.', 'RACK AND PINION MANUAL')",4
"('MISC.', 'RADIATOR BOTTLE')",4
"('MISC.', 'SEAT BELT PRETENSIONER')",4
"('MISC.', 'SHOCK')",4
"('MISC.', 'STEERING WHEEL')",4
"('MISC.', 'SUN VISOR')",4
"('MISC.', 'TIRE 13-16', 'WHEEL ALUMINUM')",4
"('MISC.', 'WIPER BLADE')",4
"('MOLDING ANY', 'TRIM/ FLARES')",4
"('MOLDING ANY', 'WIPER BLADE')",4
"('MOLDING EXTERIOR(19 PER INCH)', 'PARK/TURNLAMP ASSY')",4
"('MOLDING EXTERIOR(19 PER INCH)', 'SENSOR ANY')",4
"('MOLDING EXTERIOR(19 PER INCH)', 'WASHER BOTTLE')",4
"('MOUNT ENGINE TRANSMISSION', 'STRUT AND SPRING')",4
"('OIL COOLER', 'TRANSMISSION ANY')",4
"('POWER MIRROR -DOOR', 'RADIATOR')",4
"('POWER MIRROR -DOOR', 'RADIO')",4
"('RADIATOR', 'STARTER')",4
"('RADIATOR', 'TAIL LIGHT EACH')",4
"('RADIO', 'RADIO FACE')",4
"('RADIO', 'TAIL LIGHT EACH')",4
"('RADIO', 'TIRE 13-16')",4
"('REAR AXLE LOADED', 'TRANSMISSION ANY')",4
"('SENSOR ANY', 'SPARK PLUG/WIRE')",4
"('SPARE TIRE', 'TIRE 13-16', 'WHEEL STEEL')",4
"('STRUT AND SPRING', 'TIRE 13-16', 'WHEEL STEEL')",4
"('STRUT AND SPRING', 'WIRE PIGTAIL')",4
"('SUN VISOR', 'THROTTLE BODY')",4
"('TAIL LIGHT EACH', 'WEATHER STRIPPING (.79 PER FT.)')",4
"('TAIL LIGHT EACH', 'WINDOW MOTOR', 'WINDOW REGULATOR')",4
"('TIRE (AS-IS) 15-16', 'TIRE 13-16', 'WHEEL ALUMINUM')",4
"('TRIM/ FLARES', 'WEATHER STRIPPING (.79 PER FT.)')",4
"('WIPER MOTOR', 'WIPES REGULATOR')",4
"('A/C COMPRESSOR', 'A/C CONDENSER', 'AC HOSE (DOUBLE)')",3
"('A/C COMPRESSOR', 'AIR BAG (EACH)')",3
